"id","date","days","name"
1,1851-06-25,4,"MISSING"
2,1851-07-05,1,"MISSING"
3,1851-07-10,1,"MISSING"
4,1851-08-16,12,"MISSING"
5,1851-09-13,4,"MISSING"
6,1851-10-16,4,"MISSING"
7,1852-08-19,12,"MISSING"
8,1852-09-05,2,"MISSING"
9,1852-09-09,5,"MISSING"
10,1852-09-22,9,"MISSING"
11,1852-10-06,6,"MISSING"
12,1853-08-05,1,"MISSING"
13,1853-08-10,1,"MISSING"
14,1853-08-30,12,"MISSING"
15,1853-09-08,3,"MISSING"
16,1853-09-21,1,"MISSING"
17,1853-09-26,6,"MISSING"
18,1853-09-28,1,"MISSING"
19,1853-10-19,4,"MISSING"
20,1854-06-25,3,"MISSING"
21,1854-08-23,1,"MISSING"
22,1854-09-07,6,"MISSING"
23,1854-09-18,3,"MISSING"
24,1854-10-20,3,"MISSING"
25,1855-08-06,1,"MISSING"
26,1855-08-10,2,"MISSING"
27,1855-08-11,1,"MISSING"
28,1855-08-24,4,"MISSING"
29,1855-09-15,3,"MISSING"
30,1856-08-09,4,"MISSING"
31,1856-08-13,2,"MISSING"
32,1856-08-19,3,"MISSING"
33,1856-08-21,1,"MISSING"
34,1856-08-25,10,"MISSING"
35,1856-09-18,5,"MISSING"
36,1857-06-30,2,"MISSING"
37,1857-09-06,13,"MISSING"
38,1857-09-22,5,"MISSING"
39,1857-09-24,7,"MISSING"
40,1858-06-12,1,"MISSING"
41,1858-08-05,1,"MISSING"
42,1858-09-14,4,"MISSING"
43,1858-09-17,8,"MISSING"
44,1858-09-22,4,"MISSING"
45,1858-10-21,6,"MISSING"
46,1859-07-01,1,"MISSING"
47,1859-08-17,3,"MISSING"
48,1859-09-02,2,"MISSING"
49,1859-09-12,2,"MISSING"
50,1859-09-15,4,"MISSING"
51,1859-10-02,5,"MISSING"
52,1859-10-16,3,"MISSING"
53,1859-10-24,6,"MISSING"
54,1860-08-08,9,"MISSING"
55,1860-08-24,3,"MISSING"
56,1860-09-11,6,"MISSING"
57,1860-09-11,1,"MISSING"
58,1860-09-18,4,"MISSING"
59,1860-09-30,4,"MISSING"
60,1860-10-20,5,"MISSING"
61,1861-07-06,7,"MISSING"
62,1861-08-13,5,"MISSING"
63,1861-08-25,6,"MISSING"
64,1861-09-17,1,"MISSING"
65,1861-09-27,2,"MISSING"
66,1861-10-06,4,"MISSING"
67,1861-10-07,1,"MISSING"
68,1861-11-01,3,"MISSING"
69,1862-06-15,3,"MISSING"
70,1862-08-18,4,"MISSING"
71,1862-09-12,9,"MISSING"
72,1862-10-06,1,"MISSING"
73,1862-10-14,4,"MISSING"
74,1862-11-22,4,"MISSING"
75,1863-08-08,2,"MISSING"
76,1863-08-18,2,"MISSING"
77,1863-08-19,5,"MISSING"
78,1863-08-27,2,"MISSING"
79,1863-09-09,8,"MISSING"
80,1863-09-16,4,"MISSING"
81,1863-09-18,2,"MISSING"
82,1863-09-26,2,"MISSING"
83,1863-09-29,3,"MISSING"
84,1864-07-16,3,"MISSING"
85,1864-07-25,1,"MISSING"
86,1864-08-26,7,"MISSING"
87,1864-09-05,4,"MISSING"
88,1864-10-22,3,"MISSING"
89,1865-05-30,1,"MISSING"
90,1865-06-30,1,"MISSING"
91,1865-08-20,5,"MISSING"
92,1865-09-06,9,"MISSING"
93,1865-09-07,1,"MISSING"
94,1865-09-28,1,"MISSING"
95,1865-10-18,8,"MISSING"
96,1866-07-11,6,"MISSING"
97,1866-08-13,6,"MISSING"
98,1866-09-04,4,"MISSING"
99,1866-09-18,1,"MISSING"
100,1866-09-22,3,"MISSING"
101,1866-09-24,12,"MISSING"
102,1866-10-29,2,"MISSING"
103,1867-06-21,3,"MISSING"
104,1867-07-28,7,"MISSING"
105,1867-08-02,1,"MISSING"
106,1867-08-31,4,"MISSING"
107,1867-09-08,1,"MISSING"
108,1867-09-29,3,"MISSING"
109,1867-10-02,8,"MISSING"
110,1867-10-09,1,"MISSING"
111,1867-10-27,5,"MISSING"
112,1868-09-03,5,"MISSING"
113,1868-10-01,7,"MISSING"
114,1868-10-05,3,"MISSING"
115,1868-10-15,3,"MISSING"
116,1869-08-12,1,"MISSING"
117,1869-08-16,2,"MISSING"
118,1869-08-27,1,"MISSING"
119,1869-09-01,2,"MISSING"
120,1869-09-04,3,"MISSING"
121,1869-09-07,3,"MISSING"
122,1869-09-11,8,"MISSING"
123,1869-09-14,1,"MISSING"
124,1869-10-01,1,"MISSING"
125,1869-10-04,2,"MISSING"
126,1870-07-30,1,"MISSING"
127,1870-08-30,6,"MISSING"
128,1870-09-01,4,"MISSING"
129,1870-09-09,5,"MISSING"
130,1870-09-17,4,"MISSING"
131,1870-10-05,10,"MISSING"
132,1870-10-07,1,"MISSING"
133,1870-10-10,2,"MISSING"
134,1870-10-19,4,"MISSING"
135,1870-10-23,1,"MISSING"
136,1870-10-30,5,"MISSING"
137,1871-06-01,5,"MISSING"
138,1871-06-08,3,"MISSING"
139,1871-08-14,10,"MISSING"
140,1871-08-17,14,"MISSING"
141,1871-08-30,4,"MISSING"
142,1871-09-05,4,"MISSING"
143,1871-09-30,8,"MISSING"
144,1871-10-10,4,"MISSING"
145,1872-07-09,5,"MISSING"
146,1872-08-20,14,"MISSING"
147,1872-09-09,12,"MISSING"
148,1872-09-30,7,"MISSING"
149,1872-10-22,7,"MISSING"
150,1873-06-01,2,"MISSING"
151,1873-08-13,16,"MISSING"
152,1873-09-18,3,"MISSING"
153,1873-09-22,3,"MISSING"
154,1873-09-26,15,"MISSING"
155,1874-07-02,4,"MISSING"
156,1874-08-03,5,"MISSING"
157,1874-08-29,11,"MISSING"
158,1874-09-02,6,"MISSING"
159,1874-09-08,4,"MISSING"
160,1874-09-25,7,"MISSING"
161,1874-10-31,5,"MISSING"
162,1875-08-16,4,"MISSING"
163,1875-09-01,10,"MISSING"
164,1875-09-08,11,"MISSING"
165,1875-09-24,5,"MISSING"
166,1875-10-07,4,"MISSING"
167,1875-10-12,5,"MISSING"
168,1876-09-09,3,"MISSING"
169,1876-09-12,8,"MISSING"
170,1876-09-16,3,"MISSING"
171,1876-09-29,7,"MISSING"
172,1876-10-12,12,"MISSING"
173,1877-08-01,5,"MISSING"
174,1877-09-14,8,"MISSING"
175,1877-09-16,7,"MISSING"
176,1877-09-21,15,"MISSING"
177,1877-09-24,6,"MISSING"
178,1877-10-13,6,"MISSING"
179,1877-10-24,5,"MISSING"
180,1877-11-28,3,"MISSING"
181,1878-07-01,3,"MISSING"
182,1878-08-08,12,"MISSING"
183,1878-08-19,3,"MISSING"
184,1878-08-25,6,"MISSING"
185,1878-09-01,13,"MISSING"
186,1878-09-12,7,"MISSING"
187,1878-09-24,15,"MISSING"
188,1878-10-09,8,"MISSING"
189,1878-10-09,7,"MISSING"
190,1878-10-13,7,"MISSING"
191,1878-10-18,8,"MISSING"
192,1878-11-25,8,"MISSING"
193,1879-08-09,4,"MISSING"
194,1879-08-13,8,"MISSING"
195,1879-08-19,6,"MISSING"
196,1879-08-29,5,"MISSING"
197,1879-10-03,5,"MISSING"
198,1879-10-09,8,"MISSING"
199,1879-10-24,6,"MISSING"
200,1879-11-18,4,"MISSING"
201,1880-06-21,5,"MISSING"
202,1880-08-04,11,"MISSING"
203,1880-08-15,6,"MISSING"
204,1880-08-24,9,"MISSING"
205,1880-08-26,10,"MISSING"
206,1880-09-06,6,"MISSING"
207,1880-09-08,3,"MISSING"
208,1880-09-27,8,"MISSING"
209,1880-10-05,6,"MISSING"
210,1880-10-10,7,"MISSING"
211,1880-10-20,5,"MISSING"
212,1881-08-01,4,"MISSING"
213,1881-08-11,8,"MISSING"
214,1881-08-11,4,"MISSING"
215,1881-08-16,6,"MISSING"
216,1881-08-21,9,"MISSING"
217,1881-09-07,5,"MISSING"
218,1881-09-18,7,"MISSING"
219,1882-08-24,2,"MISSING"
220,1882-09-02,12,"MISSING"
221,1882-09-14,3,"MISSING"
222,1882-09-21,4,"MISSING"
223,1882-09-24,5,"MISSING"
224,1882-10-05,11,"MISSING"
225,1883-08-18,11,"MISSING"
226,1883-08-24,10,"MISSING"
227,1883-09-04,10,"MISSING"
228,1883-10-22,7,"MISSING"
229,1884-09-01,6,"MISSING"
230,1884-09-03,14,"MISSING"
231,1884-09-10,11,"MISSING"
232,1884-10-07,11,"MISSING"
233,1885-08-07,9,"MISSING"
234,1885-08-21,8,"MISSING"
235,1885-08-29,3,"MISSING"
236,1885-09-17,7,"MISSING"
237,1885-09-18,4,"MISSING"
238,1885-09-24,9,"MISSING"
239,1885-09-26,4,"MISSING"
240,1885-10-10,5,"MISSING"
241,1886-06-13,3,"MISSING"
242,1886-06-17,8,"MISSING"
243,1886-06-27,6,"MISSING"
244,1886-07-14,11,"MISSING"
245,1886-08-12,10,"MISSING"
246,1886-08-15,13,"MISSING"
247,1886-08-20,6,"MISSING"
248,1886-09-16,9,"MISSING"
249,1886-09-22,9,"MISSING"
250,1886-10-08,6,"MISSING"
251,1886-10-10,6,"MISSING"
252,1886-10-21,6,"MISSING"
253,1887-05-15,6,"MISSING"
254,1887-05-17,5,"MISSING"
255,1887-06-11,4,"MISSING"
256,1887-07-20,9,"MISSING"
257,1887-07-30,10,"MISSING"
258,1887-08-14,10,"MISSING"
259,1887-08-18,10,"MISSING"
260,1887-09-01,6,"MISSING"
261,1887-09-11,12,"MISSING"
262,1887-09-14,5,"MISSING"
263,1887-10-06,4,"MISSING"
264,1887-10-08,2,"MISSING"
265,1887-10-09,14,"MISSING"
266,1887-10-10,3,"MISSING"
267,1887-10-15,5,"MISSING"
268,1887-10-29,9,"MISSING"
269,1887-11-27,8,"MISSING"
270,1887-12-04,7,"MISSING"
271,1887-12-07,6,"MISSING"
272,1888-06-16,3,"MISSING"
273,1888-07-04,3,"MISSING"
274,1888-08-14,11,"MISSING"
275,1888-08-31,9,"MISSING"
276,1888-09-06,8,"MISSING"
277,1888-09-23,5,"MISSING"
278,1888-10-08,5,"MISSING"
279,1888-11-01,8,"MISSING"
280,1888-11-17,16,"MISSING"
281,1889-05-16,7,"MISSING"
282,1889-06-15,6,"MISSING"
283,1889-08-19,10,"MISSING"
284,1889-09-01,12,"MISSING"
285,1889-09-02,10,"MISSING"
286,1889-09-12,8,"MISSING"
287,1889-09-12,15,"MISSING"
288,1889-09-29,8,"MISSING"
289,1889-10-05,7,"MISSING"
290,1890-05-27,3,"MISSING"
291,1890-08-18,11,"MISSING"
292,1890-08-26,9,"MISSING"
293,1890-10-31,2,"MISSING"
294,1891-07-03,6,"MISSING"
295,1891-08-17,13,"MISSING"
296,1891-08-18,8,"MISSING"
297,1891-09-02,9,"MISSING"
298,1891-09-16,11,"MISSING"
299,1891-09-29,10,"MISSING"
300,1891-10-04,7,"MISSING"
301,1891-10-07,10,"MISSING"
302,1891-10-12,9,"MISSING"
303,1891-11-03,4,"MISSING"
304,1892-06-09,8,"MISSING"
305,1892-08-15,10,"MISSING"
306,1892-09-03,15,"MISSING"
307,1892-09-08,10,"MISSING"
308,1892-09-12,12,"MISSING"
309,1892-09-25,3,"MISSING"
310,1892-10-05,12,"MISSING"
311,1892-10-13,8,"MISSING"
312,1892-10-21,9,"MISSING"
313,1893-06-12,9,"MISSING"
314,1893-07-04,4,"MISSING"
315,1893-08-13,13,"MISSING"
316,1893-08-15,12,"MISSING"
317,1893-08-15,19,"MISSING"
318,1893-08-15,5,"MISSING"
319,1893-08-20,10,"MISSING"
320,1893-09-04,6,"MISSING"
321,1893-09-25,21,"MISSING"
322,1893-09-27,9,"MISSING"
323,1893-10-20,4,"MISSING"
324,1893-11-05,8,"MISSING"
325,1894-06-06,4,"MISSING"
326,1894-08-05,5,"MISSING"
327,1894-08-30,11,"MISSING"
328,1894-09-18,14,"MISSING"
329,1894-10-01,12,"MISSING"
330,1894-10-11,10,"MISSING"
331,1894-10-21,11,"MISSING"
332,1895-08-14,4,"MISSING"
333,1895-08-22,9,"MISSING"
334,1895-09-28,10,"MISSING"
335,1895-10-02,6,"MISSING"
336,1895-10-12,15,"MISSING"
337,1895-10-13,5,"MISSING"
338,1896-07-04,9,"MISSING"
339,1896-08-30,13,"MISSING"
340,1896-09-18,11,"MISSING"
341,1896-09-22,9,"MISSING"
342,1896-10-07,10,"MISSING"
343,1896-10-26,15,"MISSING"
344,1896-11-27,3,"MISSING"
345,1897-08-31,11,"MISSING"
346,1897-09-10,4,"MISSING"
347,1897-09-20,6,"MISSING"
348,1897-09-25,5,"MISSING"
349,1897-10-09,14,"MISSING"
350,1897-10-23,9,"MISSING"
351,1898-08-02,2,"MISSING"
352,1898-08-30,3,"MISSING"
353,1898-09-03,4,"MISSING"
354,1898-09-05,16,"MISSING"
355,1898-09-12,11,"MISSING"
356,1898-09-20,9,"MISSING"
357,1898-09-25,12,"MISSING"
358,1898-09-25,4,"MISSING"
359,1898-10-02,13,"MISSING"
360,1898-10-21,3,"MISSING"
361,1898-10-27,9,"MISSING"
362,1899-06-26,2,"MISSING"
363,1899-07-28,6,"MISSING"
364,1899-08-03,33,"MISSING"
365,1899-08-29,11,"MISSING"
366,1899-09-03,13,"MISSING"
367,1899-10-02,7,"MISSING"
368,1899-10-10,5,"MISSING"
369,1899-10-15,4,"MISSING"
370,1899-10-26,10,"MISSING"
371,1899-11-07,4,"MISSING"
372,1900-08-27,20,"MISSING"
373,1900-09-07,13,"MISSING"
374,1900-09-08,16,"MISSING"
375,1900-09-11,5,"MISSING"
376,1900-10-04,11,"MISSING"
377,1900-10-10,6,"MISSING"
378,1900-10-24,6,"MISSING"
379,1901-06-11,5,"MISSING"
380,1901-07-01,10,"MISSING"
381,1901-07-04,10,"MISSING"
382,1901-08-02,17,"MISSING"
383,1901-08-18,5,"MISSING"
384,1901-08-25,6,"MISSING"
385,1901-08-29,14,"MISSING"
386,1901-09-09,11,"MISSING"
387,1901-09-12,6,"MISSING"
388,1901-09-21,12,"MISSING"
389,1901-10-05,10,"MISSING"
390,1901-10-15,4,"MISSING"
391,1901-10-30,8,"MISSING"
392,1902-06-12,6,"MISSING"
393,1902-06-21,9,"MISSING"
394,1902-09-16,10,"MISSING"
395,1902-10-03,11,"MISSING"
396,1902-11-01,6,"MISSING"
397,1903-07-21,6,"MISSING"
398,1903-08-06,11,"MISSING"
399,1903-09-09,8,"MISSING"
400,1903-09-12,6,"MISSING"
401,1903-09-19,8,"MISSING"
402,1903-09-26,5,"MISSING"
403,1903-10-01,10,"MISSING"
404,1903-10-05,6,"MISSING"
405,1903-10-21,7,"MISSING"
406,1903-11-17,9,"MISSING"
407,1904-06-10,5,"MISSING"
408,1904-09-08,8,"MISSING"
409,1904-09-28,7,"MISSING"
410,1904-10-12,10,"MISSING"
411,1904-10-19,7,"MISSING"
412,1904-10-31,7,"MISSING"
413,1905-09-06,3,"MISSING"
414,1905-09-11,6,"MISSING"
415,1905-09-24,7,"MISSING"
416,1905-10-01,13,"MISSING"
417,1905-10-05,7,"MISSING"
418,1906-06-08,7,"MISSING"
419,1906-06-14,10,"MISSING"
420,1906-08-22,4,"MISSING"
421,1906-08-25,19,"MISSING"
422,1906-09-03,16,"MISSING"
423,1906-09-19,12,"MISSING"
424,1906-09-22,11,"MISSING"
425,1906-10-08,16,"MISSING"
426,1906-10-14,4,"MISSING"
427,1906-10-15,6,"MISSING"
428,1906-11-05,6,"MISSING"
429,1907-06-24,7,"MISSING"
430,1907-09-18,6,"MISSING"
431,1907-09-27,4,"MISSING"
432,1907-10-17,4,"MISSING"
433,1907-11-06,7,"MISSING"
434,1908-03-06,4,"MISSING"
435,1908-05-24,8,"MISSING"
436,1908-07-24,11,"MISSING"
437,1908-07-29,6,"MISSING"
438,1908-08-30,4,"MISSING"
439,1908-09-07,13,"MISSING"
440,1908-09-16,3,"MISSING"
441,1908-09-21,17,"MISSING"
442,1908-10-14,6,"MISSING"
443,1908-10-19,5,"MISSING"
444,1909-06-15,5,"MISSING"
445,1909-06-25,6,"MISSING"
446,1909-06-26,9,"MISSING"
447,1909-07-13,10,"MISSING"
448,1909-08-06,5,"MISSING"
449,1909-08-20,9,"MISSING"
450,1909-08-22,4,"MISSING"
451,1909-08-28,4,"MISSING"
452,1909-09-13,10,"MISSING"
453,1909-09-24,6,"MISSING"
454,1909-10-06,8,"MISSING"
455,1909-11-08,7,"MISSING"
456,1910-08-23,7,"MISSING"
457,1910-08-26,6,"MISSING"
458,1910-09-05,11,"MISSING"
459,1910-09-24,6,"MISSING"
460,1910-10-09,15,"MISSING"
461,1911-08-04,9,"MISSING"
462,1911-08-08,7,"MISSING"
463,1911-08-23,9,"MISSING"
464,1911-09-03,10,"MISSING"
465,1911-09-15,6,"MISSING"
466,1911-10-26,7,"MISSING"
467,1912-06-07,11,"MISSING"
468,1912-07-12,6,"MISSING"
469,1912-09-02,5,"MISSING"
470,1912-09-10,6,"MISSING"
471,1912-10-03,8,"MISSING"
472,1912-10-11,8,"MISSING"
473,1912-11-11,11,"MISSING"
474,1913-06-21,9,"MISSING"
475,1913-08-14,3,"MISSING"
476,1913-08-26,18,"MISSING"
477,1913-08-30,6,"MISSING"
478,1913-10-02,10,"MISSING"
479,1913-10-28,3,"MISSING"
480,1914-09-15,5,"MISSING"
481,1915-07-31,6,"MISSING"
482,1915-08-05,19,"MISSING"
483,1915-08-27,16,"MISSING"
484,1915-08-31,7,"MISSING"
485,1915-09-19,5,"MISSING"
486,1915-09-21,11,"MISSING"
487,1916-05-13,6,"MISSING"
488,1916-06-28,13,"MISSING"
489,1916-07-10,13,"MISSING"
490,1916-07-11,5,"MISSING"
491,1916-08-04,3,"MISSING"
492,1916-08-12,9,"MISSING"
493,1916-08-21,6,"MISSING"
494,1916-08-27,7,"MISSING"
495,1916-09-04,4,"MISSING"
496,1916-09-13,10,"MISSING"
497,1916-09-17,9,"MISSING"
498,1916-10-02,4,"MISSING"
499,1916-10-06,10,"MISSING"
500,1916-10-09,11,"MISSING"
501,1916-11-11,6,"MISSING"
502,1917-07-06,9,"MISSING"
503,1917-08-06,6,"MISSING"
504,1917-08-30,9,"MISSING"
505,1917-09-20,11,"MISSING"
506,1918-08-01,7,"MISSING"
507,1918-08-22,5,"MISSING"
508,1918-08-23,4,"MISSING"
509,1918-08-31,7,"MISSING"
510,1918-09-02,7,"MISSING"
511,1918-09-09,6,"MISSING"
512,1919-07-02,4,"MISSING"
513,1919-09-02,4,"MISSING"
514,1919-09-02,15,"MISSING"
515,1919-09-29,4,"MISSING"
516,1919-11-10,6,"MISSING"
517,1920-09-07,10,"MISSING"
518,1920-09-16,8,"MISSING"
519,1920-09-19,6,"MISSING"
520,1920-09-23,5,"MISSING"
521,1920-09-25,6,"MISSING"
522,1921-06-16,11,"MISSING"
523,1921-09-04,5,"MISSING"
524,1921-09-06,12,"MISSING"
525,1921-09-08,7,"MISSING"
526,1921-10-15,10,"MISSING"
527,1921-10-20,11,"MISSING"
528,1921-11-19,7,"MISSING"
529,1922-06-12,5,"MISSING"
530,1922-09-13,16,"MISSING"
531,1922-09-18,8,"MISSING"
532,1922-10-11,12,"MISSING"
533,1922-10-12,6,"MISSING"
534,1923-06-22,8,"MISSING"
535,1923-09-01,10,"MISSING"
536,1923-09-07,5,"MISSING"
537,1923-09-10,6,"MISSING"
538,1923-09-24,11,"MISSING"
539,1923-10-12,6,"MISSING"
540,1923-10-15,5,"MISSING"
541,1923-10-16,6,"MISSING"
542,1923-10-24,4,"MISSING"
543,1924-06-18,4,"MISSING"
544,1924-07-28,3,"MISSING"
545,1924-08-16,13,"MISSING"
546,1924-08-26,12,"MISSING"
547,1924-09-13,7,"MISSING"
548,1924-09-20,3,"MISSING"
549,1924-09-24,12,"MISSING"
550,1924-09-27,5,"MISSING"
551,1924-10-11,5,"MISSING"
552,1924-10-14,10,"MISSING"
553,1924-11-05,10,"MISSING"
554,1925-08-18,4,"MISSING"
555,1925-08-25,4,"MISSING"
556,1925-09-06,2,"MISSING"
557,1925-11-27,9,"MISSING"
558,1926-07-22,12,"MISSING"
559,1926-07-29,11,"MISSING"
560,1926-08-20,8,"MISSING"
561,1926-09-01,24,"MISSING"
562,1926-09-10,5,"MISSING"
563,1926-09-11,7,"MISSING"
564,1926-09-11,12,"MISSING"
565,1926-09-21,11,"MISSING"
566,1926-10-03,3,"MISSING"
567,1926-10-14,15,"MISSING"
568,1926-11-12,5,"MISSING"
569,1927-08-18,12,"MISSING"
570,1927-09-02,10,"MISSING"
571,1927-09-22,8,"MISSING"
572,1927-09-23,9,"MISSING"
573,1927-09-30,5,"MISSING"
574,1927-10-16,4,"MISSING"
575,1927-10-30,6,"MISSING"
576,1927-11-19,3,"MISSING"
577,1928-08-03,11,"MISSING"
578,1928-08-07,11,"MISSING"
579,1928-09-01,8,"MISSING"
580,1928-09-06,16,"MISSING"
581,1928-09-08,6,"MISSING"
582,1928-10-10,6,"MISSING"
583,1929-06-27,4,"MISSING"
584,1929-09-19,17,"MISSING"
585,1929-09-25,5,"MISSING"
586,1929-10-15,6,"MISSING"
587,1929-10-19,5,"MISSING"
588,1930-08-21,14,"MISSING"
589,1930-08-29,20,"MISSING"
590,1930-10-18,4,"MISSING"
591,1931-06-24,5,"MISSING"
592,1931-07-11,7,"MISSING"
593,1931-08-10,10,"MISSING"
594,1931-08-16,6,"MISSING"
595,1931-09-01,4,"MISSING"
596,1931-09-06,8,"MISSING"
597,1931-09-08,9,"MISSING"
598,1931-09-23,7,"MISSING"
599,1931-10-13,4,"MISSING"
600,1931-10-18,5,"MISSING"
601,1931-11-01,5,"MISSING"
602,1931-11-11,6,"MISSING"
603,1931-11-22,4,"MISSING"
604,1932-05-05,7,"MISSING"
605,1932-08-12,4,"MISSING"
606,1932-08-26,10,"MISSING"
607,1932-08-30,18,"MISSING"
608,1932-09-04,4,"MISSING"
609,1932-09-09,10,"MISSING"
610,1932-09-16,11,"MISSING"
611,1932-09-18,4,"MISSING"
612,1932-09-25,8,"MISSING"
613,1932-09-28,3,"MISSING"
614,1932-10-07,12,"MISSING"
615,1932-10-08,5,"MISSING"
616,1932-10-18,4,"MISSING"
617,1932-10-30,16,"MISSING"
618,1932-11-03,8,"MISSING"
619,1933-05-14,6,"MISSING"
620,1933-06-24,14,"MISSING"
621,1933-07-14,14,"MISSING"
622,1933-07-24,13,"MISSING"
623,1933-07-24,4,"MISSING"
624,1933-08-13,16,"MISSING"
625,1933-08-14,8,"MISSING"
626,1933-08-22,15,"MISSING"
627,1933-08-23,9,"MISSING"
628,1933-08-26,5,"MISSING"
629,1933-08-31,8,"MISSING"
630,1933-09-08,15,"MISSING"
631,1933-09-10,7,"MISSING"
632,1933-09-16,10,"MISSING"
633,1933-09-24,5,"MISSING"
634,1933-10-01,9,"MISSING"
635,1933-10-01,4,"MISSING"
636,1933-10-25,14,"MISSING"
637,1933-10-26,5,"MISSING"
638,1933-11-15,3,"MISSING"
639,1934-06-04,18,"MISSING"
640,1934-07-12,6,"MISSING"
641,1934-07-22,5,"MISSING"
642,1934-08-20,4,"MISSING"
643,1934-08-26,7,"MISSING"
644,1934-09-01,4,"MISSING"
645,1934-09-05,6,"MISSING"
646,1934-09-16,8,"MISSING"
647,1934-09-18,8,"MISSING"
648,1934-10-01,6,"MISSING"
649,1934-10-01,4,"MISSING"
650,1934-10-19,5,"MISSING"
651,1934-11-20,11,"MISSING"
652,1935-05-15,5,"MISSING"
653,1935-08-16,11,"MISSING"
654,1935-08-29,13,"MISSING"
655,1935-08-30,4,"MISSING"
656,1935-09-23,10,"MISSING"
657,1935-10-18,10,"MISSING"
658,1935-10-30,10,"MISSING"
659,1935-11-03,12,"MISSING"
660,1936-06-12,6,"MISSING"
661,1936-06-19,4,"MISSING"
662,1936-06-26,3,"MISSING"
663,1936-07-26,3,"MISSING"
664,1936-07-27,6,"MISSING"
665,1936-08-04,8,"MISSING"
666,1936-08-07,6,"MISSING"
667,1936-08-15,6,"MISSING"
668,1936-08-20,4,"MISSING"
669,1936-08-25,13,"MISSING"
670,1936-08-28,4,"MISSING"
671,1936-09-07,2,"MISSING"
672,1936-09-08,18,"MISSING"
673,1936-09-09,6,"MISSING"
674,1936-09-18,8,"MISSING"
675,1936-10-09,3,"MISSING"
676,1936-12-02,15,"MISSING"
677,1937-07-29,5,"MISSING"
678,1937-08-02,8,"MISSING"
679,1937-08-24,10,"MISSING"
680,1937-09-09,6,"MISSING"
681,1937-09-10,3,"MISSING"
682,1937-09-13,8,"MISSING"
683,1937-09-16,6,"MISSING"
684,1937-09-20,9,"MISSING"
685,1937-09-26,8,"MISSING"
686,1937-10-02,3,"MISSING"
687,1937-10-18,4,"MISSING"
688,1938-01-01,6,"MISSING"
689,1938-08-08,2,"MISSING"
690,1938-08-10,6,"MISSING"
691,1938-08-23,7,"MISSING"
692,1938-09-09,6,"MISSING"
693,1938-09-09,15,"MISSING"
694,1938-10-10,8,"MISSING"
695,1938-10-16,6,"MISSING"
696,1938-11-07,4,"MISSING"
697,1939-06-12,7,"MISSING"
698,1939-08-07,13,"MISSING"
699,1939-08-15,6,"MISSING"
700,1939-09-23,5,"MISSING"
701,1939-10-11,8,"MISSING"
702,1939-10-28,11,"MISSING"
703,1940-05-19,9,"MISSING"
704,1940-08-03,8,"MISSING"
705,1940-08-05,10,"MISSING"
706,1940-08-26,9,"MISSING"
707,1940-09-07,13,"MISSING"
708,1940-09-18,8,"MISSING"
709,1940-09-22,7,"MISSING"
710,1940-10-20,5,"MISSING"
711,1940-10-24,6,"MISSING"
712,1941-09-11,6,"MISSING"
713,1941-09-17,11,"MISSING"
714,1941-09-18,8,"MISSING"
715,1941-09-23,8,"MISSING"
716,1941-10-03,11,"MISSING"
717,1941-10-15,8,"MISSING"
718,1942-08-03,3,"MISSING"
719,1942-08-17,7,"MISSING"
720,1942-08-23,10,"MISSING"
721,1942-08-25,10,"MISSING"
722,1942-09-15,9,"MISSING"
723,1942-09-18,8,"MISSING"
724,1942-09-27,4,"MISSING"
725,1942-09-30,6,"MISSING"
726,1942-10-10,4,"MISSING"
727,1942-10-13,6,"MISSING"
728,1942-11-05,7,"MISSING"
729,1943-07-25,6,"MISSING"
730,1943-08-13,7,"MISSING"
731,1943-08-19,9,"MISSING"
732,1943-09-01,10,"MISSING"
733,1943-09-13,5,"MISSING"
734,1943-09-15,6,"MISSING"
735,1943-09-28,5,"MISSING"
736,1943-10-01,3,"MISSING"
737,1943-10-11,7,"MISSING"
738,1943-10-20,7,"MISSING"
739,1944-07-13,8,"MISSING"
740,1944-07-24,4,"MISSING"
741,1944-07-30,6,"MISSING"
742,1944-08-16,9,"MISSING"
743,1944-08-18,6,"MISSING"
744,1944-09-09,8,"MISSING"
745,1944-09-09,3,"MISSING"
746,1944-09-19,4,"MISSING"
747,1944-09-21,8,"MISSING"
748,1944-09-30,4,"MISSING"
749,1944-09-30,4,"MISSING"
750,1944-10-11,5,"MISSING"
751,1944-10-12,13,"MISSING"
752,1944-11-01,3,"MISSING"
753,1945-06-20,15,"MISSING"
754,1945-07-19,4,"MISSING"
755,1945-08-02,3,"MISSING"
756,1945-08-17,5,"MISSING"
757,1945-08-24,6,"MISSING"
758,1945-08-29,4,"MISSING"
759,1945-09-03,4,"MISSING"
760,1945-09-09,4,"MISSING"
761,1945-09-12,9,"MISSING"
762,1945-10-02,6,"MISSING"
763,1945-10-10,7,"MISSING"
764,1946-06-13,4,"MISSING"
765,1946-07-05,6,"MISSING"
766,1946-08-25,2,"MISSING"
767,1946-09-12,6,"MISSING"
768,1946-10-01,6,"MISSING"
769,1946-10-05,10,"MISSING"
770,1946-10-31,4,"MISSING"
771,1947-07-31,3,"MISSING"
772,1947-08-09,8,"MISSING"
773,1947-08-18,10,"MISSING"
774,1947-09-04,18,"MISSING"
775,1947-09-07,3,"MISSING"
776,1947-09-20,7,"MISSING"
777,1947-10-05,5,"MISSING"
778,1947-10-08,4,"MISSING"
779,1947-10-08,9,"MISSING"
780,1947-10-17,6,"MISSING"
781,1948-05-22,8,"MISSING"
782,1948-07-07,5,"MISSING"
783,1948-08-26,11,"MISSING"
784,1948-08-30,3,"MISSING"
785,1948-09-01,6,"MISSING"
786,1948-09-04,14,"MISSING"
787,1948-09-07,4,"MISSING"
788,1948-09-18,9,"MISSING"
789,1948-10-03,14,"MISSING"
790,1948-11-08,4,"MISSING"
791,1949-08-21,10,"MISSING"
792,1949-08-23,10,"MISSING"
793,1949-08-30,5,"MISSING"
794,1949-09-03,9,"MISSING"
795,1949-09-03,3,"MISSING"
796,1949-09-05,12,"MISSING"
797,1949-09-11,4,"MISSING"
798,1949-09-13,5,"MISSING"
799,1949-09-20,3,"MISSING"
800,1949-09-20,7,"MISSING"
801,1949-09-27,11,"MISSING"
802,1949-10-02,6,"MISSING"
803,1949-10-13,9,"MISSING"
804,1949-10-13,5,"MISSING"
805,1949-11-01,6,"MISSING"
806,1949-11-03,3,"MISSING"
807,1950-08-12,13,"ABLE"
808,1950-08-18,15,"BAKER"
809,1950-08-21,16,"CHARLIE"
810,1950-08-30,20,"DOG"
811,1950-09-01,9,"EASY"
812,1950-09-08,10,"FOX"
813,1950-09-27,11,"GEORGE"
814,1950-10-01,4,"HOW"
815,1950-10-08,4,"ITEM"
816,1950-10-11,8,"JIG"
817,1950-10-13,8,"KING"
818,1950-10-17,8,"MISSING"
819,1950-10-18,5,"LOVE"
820,1950-10-25,4,"MIKE"
821,1950-10-27,3,"MISSING"
822,1950-11-10,3,"MISSING"
823,1951-05-15,10,"ABLE"
824,1951-08-02,4,"BAKER"
825,1951-08-12,12,"CHARLIE"
826,1951-08-27,10,"DOG"
827,1951-09-02,10,"FOX"
828,1951-09-02,12,"EASY"
829,1951-09-20,2,"GEORGE"
830,1951-09-28,11,"HOW"
831,1951-10-12,6,"ITEM"
832,1951-10-15,6,"JIG"
833,1952-02-02,4,"MISSING"
834,1952-08-18,16,"ABLE"
835,1952-08-31,10,"BAKER"
836,1952-09-22,10,"CHARLIE"
837,1952-09-25,5,"DOG"
838,1952-10-06,6,"EASY"
839,1952-10-20,9,"FOX"
840,1953-05-25,13,"ALICE"
841,1953-08-11,6,"BARBARA"
842,1953-08-28,13,"CAROL"
843,1953-08-28,7,"MISSING"
844,1953-09-08,10,"DOLLY"
845,1953-09-14,7,"EDNA"
846,1953-09-14,8,"MISSING"
847,1953-09-23,6,"FLORENCE"
848,1953-10-02,4,"GAIL"
849,1953-10-03,8,"MISSING"
850,1953-10-05,5,"MISSING"
851,1953-10-07,6,"HAZEL"
852,1953-11-23,4,"MISSING"
853,1953-12-07,3,"MISSING"
854,1954-06-24,3,"ALICE"
855,1954-07-27,4,"BARBARA"
856,1954-08-25,8,"CAROL"
857,1954-08-31,5,"DOLLY"
858,1954-09-02,14,"EDNA"
859,1954-09-11,2,"FLORENCE"
860,1954-09-24,4,"GILDA"
861,1954-09-25,13,"MISSING"
862,1954-10-05,14,"HAZEL"
863,1954-11-16,6,"MISSING"
864,1954-12-30,8,"ALICE"
865,1955-07-31,4,"BRENDA"
866,1955-08-03,13,"CONNIE"
867,1955-08-07,15,"DIANE"
868,1955-08-21,14,"EDITH"
869,1955-08-23,8,"MISSING"
870,1955-09-02,8,"FLORA"
871,1955-09-04,3,"GLADYS"
872,1955-09-10,15,"IONE"
873,1955-09-10,11,"HILDA"
874,1955-09-21,10,"JANET"
875,1955-10-10,5,"MISSING"
876,1955-10-14,7,"KATIE"
877,1956-06-12,4,"MISSING"
878,1956-07-25,3,"ANNA"
879,1956-08-09,12,"BETSY"
880,1956-09-05,7,"CARLA"
881,1956-09-10,3,"DORA"
882,1956-09-11,4,"ETHEL"
883,1956-09-21,10,"FLOSSY"
884,1956-10-30,9,"GRETA"
885,1957-06-08,8,"MISSING"
886,1957-06-25,5,"AUDREY"
887,1957-08-08,4,"BERTHA"
888,1957-09-02,23,"CARRIE"
889,1957-09-07,3,"DEBBIE"
890,1957-09-16,4,"ESTHER"
891,1957-09-20,8,"FRIEDA"
892,1957-10-23,5,"MISSING"
893,1958-06-14,3,"ALMA"
894,1958-08-08,10,"BECKY"
895,1958-08-11,12,"CLEO"
896,1958-08-24,8,"DAISY"
897,1958-08-30,8,"ELLA"
898,1958-09-04,9,"FIFI"
899,1958-09-13,3,"GERDA"
900,1958-09-21,14,"HELENE"
901,1958-09-24,7,"ILSA"
902,1958-10-05,9,"JANICE"
903,1959-05-28,6,"ARLENE"
904,1959-06-15,4,"BEULAH"
905,1959-06-18,4,"MISSING"
906,1959-07-05,8,"CINDY"
907,1959-07-23,6,"DEBRA"
908,1959-08-17,3,"EDITH"
909,1959-09-09,6,"FLORA"
910,1959-09-20,13,"GRACIE"
911,1959-09-27,12,"HANNAH"
912,1959-10-06,4,"IRENE"
913,1959-10-17,5,"JUDITH"
914,1960-06-22,8,"MISSING"
915,1960-07-10,7,"ABBY"
916,1960-07-28,5,"BRENDA"
917,1960-08-17,5,"CLEO"
918,1960-08-29,17,"DONNA"
919,1960-09-14,4,"ETHEL"
920,1960-09-17,11,"FLORENCE"
921,1961-07-20,5,"ANNA"
922,1961-09-02,11,"BETSY"
923,1961-09-03,14,"CARLA"
924,1961-09-06,11,"DEBBIE"
925,1961-09-10,18,"ESTHER"
926,1961-09-12,4,"MISSING"
927,1961-09-30,11,"FRANCES"
928,1961-10-16,7,"GERDA"
929,1961-10-27,6,"HATTIE"
930,1961-11-01,3,"SIMONE"
931,1961-11-01,9,"JENNY"
932,1961-11-05,4,"INGA"
933,1962-08-27,6,"BECKY"
934,1962-08-26,8,"ALMA"
935,1962-09-12,10,"CELIA"
936,1962-09-29,11,"DAISY"
937,1962-10-14,10,"ELLA"
938,1963-07-31,12,"ARLENE"
939,1963-08-20,9,"BEULAH"
940,1963-09-10,6,"MISSING"
941,1963-09-16,5,"CINDY"
942,1963-09-19,6,"DEBRA"
943,1963-09-23,7,"EDITH"
944,1963-09-26,18,"FLORA"
945,1963-10-16,15,"GINNY"
946,1963-10-25,5,"HELENA"
947,1964-06-02,10,"MISSING"
948,1964-07-28,7,"MISSING"
949,1964-08-05,4,"ABBY"
950,1964-08-07,4,"BRENDA"
951,1964-08-20,17,"CLEO"
952,1964-08-28,20,"DORA"
953,1964-09-04,13,"ETHEL"
954,1964-09-05,6,"FLORENCE"
955,1964-09-13,13,"GLADYS"
956,1964-09-28,8,"HILDA"
957,1964-10-08,10,"ISBELL"
958,1964-11-05,6,"MISSING"
959,1965-06-11,8,"MISSING"
960,1965-08-21,6,"ANNA"
961,1965-08-27,18,"BETSY"
962,1965-09-16,16,"CAROL"
963,1965-09-24,7,"DEBBIE"
964,1965-10-12,8,"ELENA"
965,1966-06-04,11,"ALMA"
966,1966-07-01,3,"BECKY"
967,1966-07-13,10,"CELIA"
968,1966-07-22,7,"ELLA"
969,1966-07-22,10,"DOROTHY"
970,1966-08-21,18,"FAITH"
971,1966-09-01,7,"GRETA"
972,1966-09-20,3,"HALLIE"
973,1966-09-21,21,"INEZ"
974,1966-09-27,4,"JUDITH"
975,1966-11-04,11,"LOIS"
976,1967-06-10,3,"MISSING"
977,1967-06-10,4,"MISSING"
978,1967-06-14,5,"MISSING"
979,1967-06-18,3,"MISSING"
980,1967-07-05,5,"MISSING"
981,1967-07-21,2,"MISSING"
982,1967-08-03,4,"MISSING"
983,1967-08-10,7,"MISSING"
984,1967-08-16,4,"MISSING"
985,1967-08-20,5,"MISSING"
986,1967-08-28,8,"ARLENE"
987,1967-09-05,17,"CHLOE"
988,1967-09-05,18,"BEULAH"
989,1967-09-08,14,"DORIA"
990,1967-09-18,9,"MISSING"
991,1967-09-22,9,"MISSING"
992,1967-09-25,4,"MISSING"
993,1967-09-26,6,"EDITH"
994,1967-10-01,4,"FERN"
995,1967-10-03,3,"MISSING"
996,1967-10-05,4,"GINGER"
997,1967-10-08,2,"MISSING"
998,1967-10-12,3,"MISSING"
999,1967-10-15,3,"MISSING"
1000,1967-10-19,14,"HEIDI"
1001,1967-10-26,4,"MISSING"
1002,1968-06-01,13,"ABBY"
1003,1968-06-17,10,"BRENDA"
1004,1968-06-22,5,"CANDY"
1005,1968-07-04,2,"MISSING"
1006,1968-08-10,8,"DOLLY"
1007,1968-08-26,7,"MISSING"
1008,1968-09-07,4,"MISSING"
1009,1968-09-11,9,"EDNA"
1010,1968-09-14,10,"SUBTROP"
1011,1968-09-17,5,"MISSING"
1012,1968-09-23,3,"MISSING"
1013,1968-09-23,8,"FRANCES"
1014,1968-09-25,5,"MISSING"
1015,1968-10-13,9,"GLADYS"
1016,1968-11-24,2,"MISSING"
1017,1969-05-29,5,"MISSING"
1018,1969-05-29,2,"MISSING"
1019,1969-06-07,3,"MISSING"
1020,1969-06-12,4,"MISSING"
1021,1969-07-25,12,"ANNA"
1022,1969-07-25,3,"MISSING"
1023,1969-08-11,3,"BLANCHE"
1024,1969-08-14,9,"CAMILLE"
1025,1969-08-14,12,"DEBBIE"
1026,1969-08-24,3,"MISSING"
1027,1969-08-24,5,"MISSING"
1028,1969-08-25,3,"EVE"
1029,1969-08-29,7,"FRANCELIA"
1030,1969-08-29,4,"MISSING"
1031,1969-09-05,6,"MISSING"
1032,1969-09-06,5,"GERDA"
1033,1969-09-14,8,"HOLLY"
1034,1969-09-16,5,"MISSING"
1035,1969-09-19,2,"MISSING"
1036,1969-09-20,26,"INGA"
1037,1969-09-21,6,"MISSING"
1038,1969-09-24,7,"MISSING"
1039,1969-09-29,3,"SUBTROP"
1040,1969-10-01,6,"JENNY"
1041,1969-10-07,13,"KARA"
1042,1969-10-17,11,"LAURIE"
1043,1969-10-28,4,"MISSING"
1044,1969-10-30,9,"MISSING"
1045,1969-11-21,5,"MARTHA"
1046,1970-05-17,11,"ALMA"
1047,1970-07-19,5,"BECKY"
1048,1970-07-27,6,"MISSING"
1049,1970-07-31,6,"CELIA"
1050,1970-08-02,5,"MISSING"
1051,1970-08-05,3,"MISSING"
1052,1970-08-11,8,"MISSING"
1053,1970-08-15,5,"MISSING"
1054,1970-08-17,7,"DOROTHY"
1055,1970-09-03,7,"MISSING"
1056,1970-09-05,3,"MISSING"
1057,1970-09-08,6,"ELLA"
1058,1970-09-12,6,"FELICE"
1059,1970-09-22,4,"MISSING"
1060,1970-09-23,19,"MISSING"
1061,1970-09-26,10,"GRETA"
1062,1970-09-29,3,"MISSING"
1063,1970-10-12,7,"MISSING"
1064,1970-10-20,9,"MISSING"
1065,1971-07-04,5,"ARLENE"
1066,1971-07-07,2,"MISSING"
1067,1971-07-10,2,"MISSING"
1068,1971-08-03,5,"MISSING"
1069,1971-08-06,4,"MISSING"
1070,1971-08-10,8,"BETH"
1071,1971-08-12,5,"MISSING"
1072,1971-08-18,8,"CHLOE"
1073,1971-08-20,10,"DORIA"
1074,1971-08-28,5,"MISSING"
1075,1971-09-03,6,"MISSING"
1076,1971-09-03,11,"FERN"
1077,1971-09-05,14,"EDITH"
1078,1971-09-06,30,"GINGER"
1079,1971-09-08,4,"MISSING"
1080,1971-09-10,5,"MISSING"
1081,1971-09-11,5,"HEIDI"
1082,1971-09-11,21,"IRENE"
1083,1971-09-21,4,"JANICE"
1084,1971-10-06,9,"MISSING"
1085,1971-10-18,4,"KRISTY"
1086,1971-11-12,11,"LAURA"
1087,1972-05-23,7,"ALPHA"
1088,1972-06-14,10,"AGNES"
1089,1972-06-19,2,"MISSING"
1090,1972-07-10,3,"MISSING"
1091,1972-07-16,5,"MISSING"
1092,1972-07-31,4,"MISSING"
1093,1972-08-05,3,"MISSING"
1094,1972-08-12,4,"MISSING"
1095,1972-08-16,3,"MISSING"
1096,1972-08-22,11,"BETTY"
1097,1972-08-29,8,"CARRIE"
1098,1972-09-03,3,"MISSING"
1099,1972-09-05,10,"DAWN"
1100,1972-09-19,4,"CHARLIE"
1101,1972-09-20,5,"MISSING"
1102,1972-10-01,3,"MISSING"
1103,1972-10-05,11,"MISSING"
1104,1972-10-16,5,"MISSING"
1105,1972-11-01,7,"DELTA"
1106,1973-04-18,4,"MISSING"
1107,1973-05-02,4,"MISSING"
1108,1973-06-24,3,"MISSING"
1109,1973-07-01,7,"ALICE"
1110,1973-07-19,3,"MISSING"
1111,1973-07-30,4,"ALFA"
1112,1973-08-09,3,"MISSING"
1113,1973-08-18,5,"BRENDA"
1114,1973-08-25,11,"CHRISTINE"
1115,1973-09-01,7,"DELIA"
1116,1973-09-06,7,"MISSING"
1117,1973-09-14,10,"ELLEN"
1118,1973-09-24,3,"MISSING"
1119,1973-10-08,6,"FRAN"
1120,1973-10-10,3,"MISSING"
1121,1973-10-16,15,"GILDA"
1122,1973-11-17,2,"MISSING"
1123,1974-06-22,5,"MISSING"
1124,1974-06-24,3,"SUBTROP"
1125,1974-06-30,3,"MISSING"
1126,1974-07-13,5,"MISSING"
1127,1974-07-16,5,"SUBTROP"
1128,1974-08-10,6,"SUBTROP"
1129,1974-08-12,4,"ALMA"
1130,1974-08-24,3,"MISSING"
1131,1974-08-26,8,"BECKY"
1132,1974-08-29,13,"CARMEN"
1133,1974-09-02,10,"MISSING"
1134,1974-09-02,4,"DOLLY"
1135,1974-09-04,11,"ELAINE"
1136,1974-09-14,9,"FIFI"
1137,1974-09-18,3,"MISSING"
1138,1974-09-23,5,"MISSING"
1139,1974-09-27,8,"GERTRUDE"
1140,1974-10-04,6,"SUBTROP"
1141,1974-10-30,4,"MISSING"
1142,1974-11-10,3,"MISSING"
1143,1975-06-24,6,"MISSING"
1144,1975-06-27,8,"AMY"
1145,1975-07-04,2,"MISSING"
1146,1975-07-24,5,"BLANCHE"
1147,1975-07-25,2,"MISSING"
1148,1975-07-28,3,"MISSING"
1149,1975-08-24,9,"CAROLINE"
1150,1975-08-28,8,"DORIS"
1151,1975-09-03,4,"MISSING"
1152,1975-09-03,7,"MISSING"
1153,1975-09-06,2,"MISSING"
1154,1975-09-11,4,"MISSING"
1155,1975-09-13,12,"ELOISE"
1156,1975-09-18,12,"FAYE"
1157,1975-09-22,13,"GLADYS"
1158,1975-09-25,5,"MISSING"
1159,1975-10-03,3,"MISSING"
1160,1975-10-14,4,"MISSING"
1161,1975-10-24,5,"HALLIE"
1162,1975-10-27,3,"MISSING"
1163,1975-11-08,5,"MISSING"
1164,1975-11-29,3,"MISSING"
1165,1975-12-09,5,"SUBTROP"
1166,1976-05-21,5,"SUBTROP"
1167,1976-06-07,3,"MISSING"
1168,1976-06-11,2,"MISSING"
1169,1976-07-20,3,"MISSING"
1170,1976-07-23,2,"MISSING"
1171,1976-07-28,10,"ANNA"
1172,1976-08-06,5,"BELLE"
1173,1976-08-18,4,"DOTTIE"
1174,1976-08-18,7,"CANDICE"
1175,1976-08-20,16,"EMMY"
1176,1976-08-27,12,"FRANCES"
1177,1976-09-04,3,"MISSING"
1178,1976-09-05,3,"MISSING"
1179,1976-09-13,5,"SUBTROP"
1180,1976-09-20,8,"MISSING"
1181,1976-09-22,3,"MISSING"
1182,1976-09-26,3,"MISSING"
1183,1976-09-26,10,"GLORIA"
1184,1976-10-03,10,"MISSING"
1185,1976-10-12,4,"MISSING"
1186,1976-10-22,8,"HOLLY"
1187,1977-06-13,2,"MISSING"
1188,1977-07-18,2,"MISSING"
1189,1977-07-25,2,"MISSING"
1190,1977-08-01,4,"MISSING"
1191,1977-08-29,6,"ANITA"
1192,1977-09-03,7,"BABE"
1193,1977-09-05,8,"CLARA"
1194,1977-09-17,3,"MISSING"
1195,1977-09-22,2,"MISSING"
1196,1977-09-26,5,"DOROTHY"
1197,1977-10-01,3,"MISSING"
1198,1977-10-03,3,"MISSING"
1199,1977-10-13,4,"EVELYN"
1200,1977-10-16,4,"FRIEDA"
1201,1977-10-24,2,"MISSING"
1202,1978-01-18,6,"SUBTROP"
1203,1978-06-21,2,"MISSING"
1204,1978-07-10,3,"MISSING"
1205,1978-07-30,3,"AMELIA"
1206,1978-08-05,4,"BESS"
1207,1978-08-07,5,"MISSING"
1208,1978-08-07,6,"CORA"
1209,1978-08-09,2,"MISSING"
1210,1978-08-26,4,"DEBRA"
1211,1978-08-30,7,"ELLA"
1212,1978-08-30,3,"MISSING"
1213,1978-09-04,13,"FLOSSIE"
1214,1978-09-03,9,"MISSING"
1215,1978-09-08,3,"MISSING"
1216,1978-09-12,10,"HOPE"
1217,1978-09-13,8,"GRETA"
1218,1978-09-18,12,"MISSING"
1219,1978-09-21,3,"MISSING"
1220,1978-10-02,4,"IRMA"
1221,1978-10-07,5,"JULIET"
1222,1978-10-13,5,"MISSING"
1223,1978-10-26,4,"MISSING"
1224,1978-10-28,7,"KENDRA"
1225,1978-11-03,3,"MISSING"
1226,1979-06-11,6,"MISSING"
1227,1979-06-19,6,"ANA"
1228,1979-07-08,6,"MISSING"
1229,1979-07-09,8,"BOB"
1230,1979-07-10,4,"MISSING"
1231,1979-07-15,15,"CLAUDETTE"
1232,1979-07-23,4,"MISSING"
1233,1979-07-31,7,"MISSING"
1234,1979-08-25,15,"DAVID"
1235,1979-08-25,4,"MISSING"
1236,1979-08-29,18,"FREDERIC"
1237,1979-08-30,4,"ELENA"
1238,1979-09-01,6,"MISSING"
1239,1979-09-04,12,"GLORIA"
1240,1979-09-15,10,"HENRI"
1241,1979-09-16,6,"MISSING"
1242,1979-10-12,9,"MISSING"
1243,1979-10-23,3,"SUBTROP"
1244,1979-10-24,6,"MISSING"
1245,1979-11-07,4,"MISSING"
1246,1980-07-17,5,"MISSING"
1247,1980-07-17,5,"MISSING"
1248,1980-07-22,5,"MISSING"
1249,1980-07-31,12,"ALLEN"
1250,1980-08-13,5,"MISSING"
1251,1980-08-14,6,"BONNIE"
1252,1980-08-20,6,"CHARLEY"
1253,1980-08-25,5,"MISSING"
1254,1980-09-01,8,"GEORGES"
1255,1980-09-04,8,"EARL"
1256,1980-09-04,4,"DANIELLE"
1257,1980-09-06,16,"FRANCES"
1258,1980-09-20,7,"HERMINE"
1259,1980-10-01,12,"IVAN"
1260,1980-10-16,3,"MISSING"
1261,1980-11-07,10,"JEANNE"
1262,1980-11-12,7,"MISSING"
1263,1980-11-25,4,"KARL"
1264,1981-04-06,2,"MISSING"
1265,1981-04-19,3,"MISSING"
1266,1981-05-06,4,"ARLENE"
1267,1981-06-03,3,"MISSING"
1268,1981-06-17,3,"MISSING"
1269,1981-06-29,3,"BRET"
1270,1981-07-02,3,"MISSING"
1271,1981-07-25,2,"MISSING"
1272,1981-08-02,4,"CINDY"
1273,1981-08-07,16,"DENNIS"
1274,1981-08-17,5,"MISSING"
1275,1981-08-26,4,"MISSING"
1276,1981-08-31,13,"EMILY"
1277,1981-09-03,10,"FLOYD"
1278,1981-09-07,9,"GERT"
1279,1981-09-12,3,"MISSING"
1280,1981-09-11,10,"HARVEY"
1281,1981-09-21,13,"IRENE"
1282,1981-09-26,9,"MISSING"
1283,1981-10-29,5,"JOSE"
1284,1981-11-03,5,"KATRINA"
1285,1981-11-12,6,"SUBTROP"
1286,1982-06-02,5,"ALBERTO"
1287,1982-06-18,3,"SUBTROP"
1288,1982-08-28,10,"BERYL"
1289,1982-09-06,4,"MISSING"
1290,1982-09-09,4,"CHRIS"
1291,1982-09-13,8,"DEBBY"
1292,1982-09-24,4,"MISSING"
1293,1982-09-30,4,"ERNESTO"
1294,1983-07-23,6,"MISSING"
1295,1983-07-27,7,"MISSING"
1296,1983-08-15,7,"ALICIA"
1297,1983-08-23,7,"BARRY"
1298,1983-09-10,6,"CHANTAL"
1299,1983-09-26,5,"DEAN"
1300,1984-06-11,4,"MISSING"
1301,1984-06-18,3,"MISSING"
1302,1984-07-24,3,"MISSING"
1303,1984-08-06,3,"MISSING"
1304,1984-08-18,4,"SUBTROP"
1305,1984-08-28,9,"ARTHUR"
1306,1984-08-30,6,"BERTHA"
1307,1984-08-31,3,"CESAR"
1308,1984-09-06,3,"MISSING"
1309,1984-09-08,9,"DIANA"
1310,1984-09-14,2,"EDOUARD"
1311,1984-09-15,6,"FRAN"
1312,1984-09-16,4,"GUSTAV"
1313,1984-09-23,10,"HORTENSE"
1314,1984-09-25,7,"ISIDORE"
1315,1984-10-07,15,"JOSEPHINE"
1316,1984-10-25,4,"MISSING"
1317,1984-11-05,9,"KLAUS"
1318,1984-11-23,6,"MISSING"
1319,1984-12-12,13,"LILI"
1320,1985-07-15,5,"ANA"
1321,1985-07-21,6,"BOB"
1322,1985-08-09,9,"CLAUDETTE"
1323,1985-08-12,9,"DANNY"
1324,1985-08-28,8,"ELENA"
1325,1985-09-08,6,"MISSING"
1326,1985-09-11,3,"MISSING"
1327,1985-09-15,5,"FABIAN"
1328,1985-09-16,17,"GLORIA"
1329,1985-09-21,5,"HENRI"
1330,1985-10-07,9,"ISABEL"
1331,1985-10-26,7,"JUAN"
1332,1985-11-15,9,"KATE"
1333,1985-12-07,3,"MISSING"
1334,1986-06-05,4,"ANDREW"
1335,1986-06-23,6,"BONNIE"
1336,1986-07-23,6,"MISSING"
1337,1986-08-04,2,"MISSING"
1338,1986-08-13,18,"CHARLEY"
1339,1986-08-30,6,"MISSING"
1340,1986-09-01,4,"MISSING"
1341,1986-09-07,4,"DANIELLE"
1342,1986-09-10,11,"EARL"
1343,1986-11-18,4,"FRANCES"
1344,1987-05-24,9,"MISSING"
1345,1987-08-08,21,"ARLENE"
1346,1987-08-09,9,"MISSING"
1347,1987-08-13,3,"MISSING"
1348,1987-08-18,7,"BRET"
1349,1987-08-30,4,"MISSING"
1350,1987-09-06,3,"MISSING"
1351,1987-09-05,6,"CINDY"
1352,1987-09-07,2,"MISSING"
1353,1987-09-08,13,"DENNIS"
1354,1987-09-13,5,"MISSING"
1355,1987-09-20,7,"EMILY"
1356,1987-10-09,6,"FLOYD"
1357,1987-10-31,5,"MISSING"
1358,1988-05-31,3,"ONE"
1359,1988-08-05,4,"ALBERTO"
1360,1988-08-08,3,"BERYL"
1361,1988-08-13,2,"FOUR"
1362,1988-08-20,5,"SIX"
1363,1988-08-20,12,"FIVE"
1364,1988-08-21,10,"CHRIS"
1365,1988-08-31,9,"DEBBY"
1366,1988-09-03,3,"ERNESTO"
1367,1988-09-04,1,"TEN"
1368,1988-09-07,4,"MISSING"
1369,1988-09-07,5,"FLORENCE"
1370,1988-09-08,13,"GILBERT"
1371,1988-09-19,12,"HELENE"
1372,1988-09-27,3,"FIFTEEN"
1373,1988-09-28,4,"ISAAC"
1374,1988-10-10,24,"JOAN"
1375,1988-10-19,3,"EIGHTEEN"
1376,1988-11-17,10,"KEITH"
1377,1989-06-15,3,"MISSING"
1378,1989-06-24,8,"ALLISON"
1379,1989-07-09,6,"BARRY"
1380,1989-07-31,10,"DEAN"
1381,1989-07-30,5,"CHANTAL"
1382,1989-08-08,10,"MISSING"
1383,1989-08-18,10,"ERIN"
1384,1989-08-26,16,"FELIX"
1385,1989-08-27,2,"MISSING"
1386,1989-08-30,15,"GABRIELLE"
1387,1989-09-10,16,"HUGO"
1388,1989-09-16,6,"IRIS"
1389,1989-10-02,4,"MISSING"
1390,1989-10-12,5,"JERRY"
1391,1989-11-28,7,"KAREN"
1392,1990-05-24,3,"MISSING"
1393,1990-07-22,6,"ARTHUR"
1394,1990-07-24,10,"BERTHA"
1395,1990-07-31,8,"CESAR"
1396,1990-08-02,12,"EDOUARD"
1397,1990-08-04,6,"DIANA"
1398,1990-08-11,4,"FRAN"
1399,1990-08-24,11,"GUSTAV"
1400,1990-08-25,7,"HORTENSE"
1401,1990-09-04,14,"ISIDORE"
1402,1990-09-18,10,"MISSING"
1403,1990-09-21,16,"JOSEPHINE"
1404,1990-10-03,7,"KLAUS"
1405,1990-10-06,10,"LILI"
1406,1990-10-09,5,"MARCO"
1407,1990-10-16,6,"NANA"
1408,1991-06-29,7,"ANA"
1409,1991-07-05,3,"MISSING"
1410,1991-08-16,14,"BOB"
1411,1991-08-24,3,"MISSING"
1412,1991-08-28,4,"MISSING"
1413,1991-09-04,11,"CLAUDETTE"
1414,1991-09-07,5,"DANNY"
1415,1991-09-08,5,"ERIKA"
1416,1991-10-15,3,"FABIAN"
1417,1991-10-24,2,"MISSING"
1418,1991-10-25,5,"GRACE"
1419,1991-10-28,6,"MISSING"
1420,1992-04-21,4,"SUBTROP"
1421,1992-06-25,2,"MISSING"
1422,1992-07-24,3,"MISSING"
1423,1992-08-16,13,"ANDREW"
1424,1992-09-17,16,"BONNIE"
1425,1992-09-21,9,"CHARLEY"
1426,1992-09-22,5,"DANIELLE"
1427,1992-09-25,7,"MISSING"
1428,1992-09-26,8,"EARL"
1429,1992-10-22,9,"FRANCES"
1430,1993-05-31,4,"ONE"
1431,1993-06-18,4,"ARLENE"
1432,1993-08-04,8,"BRET"
1433,1993-08-14,4,"CINDY"
1434,1993-08-22,16,"EMILY"
1435,1993-08-23,6,"DENNIS"
1436,1993-09-07,7,"FLOYD"
1437,1993-09-14,13,"GERT"
1438,1993-09-18,4,"HARVEY"
1439,1993-09-29,2,"MISSING"
1440,1994-06-30,8,"ALBERTO"
1441,1994-07-20,2,"MISSING"
1442,1994-08-14,6,"BERYL"
1443,1994-08-16,8,"CHRIS"
1444,1994-08-29,3,"MISSING"
1445,1994-09-09,3,"DEBBY"
1446,1994-09-21,6,"ERNESTO"
1447,1994-09-24,3,"MISSING"
1448,1994-09-27,3,"MISSING"
1449,1994-09-29,2,"MISSING"
1450,1994-11-02,7,"FLORENCE"
1451,1994-11-08,14,"GORDON"
1452,1995-06-03,9,"ALLISON"
1453,1995-07-05,6,"BARRY"
1454,1995-07-12,11,"CHANTAL"
1455,1995-07-28,6,"DEAN"
1456,1995-07-31,7,"ERIN"
1457,1995-08-05,3,"MISSING"
1458,1995-08-08,18,"FELIX"
1459,1995-08-09,4,"GABRIELLE"
1460,1995-08-22,11,"HUMBERTO"
1461,1995-08-22,17,"IRIS"
1462,1995-08-22,7,"JERRY"
1463,1995-08-26,9,"KAREN"
1464,1995-08-27,17,"LUIS"
1465,1995-09-09,5,"MISSING"
1466,1995-09-12,20,"MARILYN"
1467,1995-09-26,12,"NOEL"
1468,1995-09-27,10,"OPAL"
1469,1995-10-04,5,"PABLO"
1470,1995-10-07,15,"ROXANNE"
1471,1995-10-20,6,"SEBASTIEN"
1472,1995-10-27,8,"TANYA"
1473,1996-06-17,7,"ARTHUR"
1474,1996-07-05,13,"BERTHA"
1475,1996-07-24,5,"CESAR"
1476,1996-08-19,7,"DOLLY"
1477,1996-08-19,19,"EDOUARD"
1478,1996-08-23,19,"FRAN"
1479,1996-08-26,8,"GUSTAV"
1480,1996-09-03,14,"HORTENSE"
1481,1996-09-24,9,"ISIDORE"
1482,1996-10-04,13,"JOSEPHINE"
1483,1996-10-11,2,"KYLE"
1484,1996-10-14,16,"LILI"
1485,1996-11-13,14,"MARCO"
1486,1997-05-31,3,"MISSING"
1487,1997-06-30,6,"ANA"
1488,1997-07-11,3,"BILL"
1489,1997-07-13,4,"CLAUDETTE"
1490,1997-07-17,3,"MISSING"
1491,1997-07-16,12,"DANNY"
1492,1997-09-03,17,"ERIKA"
1493,1997-10-04,5,"FABIAN"
1494,1997-10-14,4,"GRACE"
1495,1998-07-27,7,"ALEX"
1496,1998-08-19,13,"BONNIE"
1497,1998-08-21,4,"CHARLEY"
1498,1998-08-24,16,"DANIELLE"
1499,1998-08-31,9,"EARL"
1500,1998-09-08,6,"FRANCES"
1501,1998-09-15,17,"GEORGES"
1502,1998-09-17,4,"HERMINE"
1503,1998-09-19,9,"IVAN"
1504,1998-09-21,14,"JEANNE"
1505,1998-09-23,7,"KARL"
1506,1998-10-05,6,"LISA"
1507,1998-10-22,19,"MITCH"
1508,1998-11-24,9,"NICOLE"
1509,1999-06-11,8,"ARLENE"
1510,1999-07-02,2,"MISSING"
1511,1999-08-19,13,"CINDY"
1512,1999-08-18,8,"BRET"
1513,1999-08-24,5,"EMILY"
1514,1999-08-24,16,"DENNIS"
1515,1999-09-05,3,"MISSING"
1516,1999-09-07,13,"FLOYD"
1517,1999-09-11,13,"GERT"
1518,1999-09-19,4,"HARVEY"
1519,1999-10-04,3,"MISSING"
1520,1999-10-06,3,"MISSING"
1521,1999-10-12,8,"IRENE"
1522,1999-10-17,9,"JOSE"
1523,1999-10-28,5,"KATRINA"
1524,1999-11-13,11,"LENNY"
1525,2000-06-07,2,"MISSING"
1526,2000-06-23,3,"MISSING"
1527,2000-08-03,23,"ALBERTO"
1528,2000-08-08,4,"MISSING"
1529,2000-08-13,3,"BERYL"
1530,2000-08-17,3,"CHRIS"
1531,2000-08-19,6,"DEBBY"
1532,2000-09-01,3,"ERNESTO"
1533,2000-09-08,2,"MISSING"
1534,2000-09-10,8,"FLORENCE"
1535,2000-09-14,8,"GORDON"
1536,2000-09-15,11,"HELENE"
1537,2000-09-21,14,"ISAAC"
1538,2000-09-25,8,"JOYCE"
1539,2000-09-28,9,"KEITH"
1540,2000-10-04,7,"LESLIE"
1541,2000-10-15,6,"MICHAEL"
1542,2000-10-19,4,"NADINE"
1543,2000-10-25,5,"SUBTROP"
1544,2001-06-05,15,"ALLISON"
1545,2001-07-11,2,"MISSING"
1546,2001-08-02,7,"BARRY"
1547,2001-08-14,9,"CHANTAL"
1548,2001-08-22,8,"DEAN"
1549,2001-09-01,17,"ERIN"
1550,2001-09-07,13,"FELIX"
1551,2001-09-11,11,"GABRIELLE"
1552,2001-09-19,2,"MISSING"
1553,2001-09-21,7,"HUMBERTO"
1554,2001-10-04,6,"IRIS"
1555,2001-10-06,3,"JERRY"
1556,2001-10-11,5,"KAREN"
1557,2001-10-27,5,"LORENZO"
1558,2001-10-29,9,"MICHELLE"
1559,2001-11-04,3,"NOEL"
1560,2001-11-23,12,"OLGA"
1561,2002-07-14,6,"ARTHUR"
1562,2002-08-04,6,"BERTHA"
1563,2002-08-05,4,"CRISTOBAL"
1564,2002-08-29,7,"DOLLY"
1565,2002-09-01,6,"EDOUARD"
1566,2002-09-05,7,"FAY"
1567,2002-09-07,2,"MISSING"
1568,2002-09-08,8,"GUSTAV"
1569,2002-09-12,4,"HANNA"
1570,2002-09-14,14,"ISIDORE"
1571,2002-09-17,3,"JOSEPHINE"
1572,2002-09-20,23,"KYLE"
1573,2002-09-21,14,"LILI"
1574,2002-10-14,3,"MISSING"
1575,2003-04-18,10,"ANA"
1576,2003-06-11,1,"MISSING"
1577,2003-06-28,6,"BILL"
1578,2003-07-07,11,"CLAUDETTE"
1579,2003-07-16,12,"DANNY"
1580,2003-07-19,3,"MISSING"
1581,2003-07-25,3,"MISSING"
1582,2003-08-14,4,"ERIKA"
1583,2003-08-21,2,"MISSING"
1584,2003-08-27,14,"FABIAN"
1585,2003-08-30,4,"GRACE"
1586,2003-09-03,6,"HENRI"
1587,2003-09-06,15,"ISABEL"
1588,2003-09-08,3,"MISSING"
1589,2003-09-24,6,"JUAN"
1590,2003-09-25,16,"KATE"
1591,2003-09-27,11,"LARRY"
1592,2003-10-10,5,"MINDY"
1593,2003-10-13,20,"NICHOLAS"
1594,2003-12-04,6,"ODETTE"
1595,2003-12-07,5,"PETER"
1596,2004-07-31,7,"ALEX"
1597,2004-08-03,12,"BONNIE"
1598,2004-08-09,7,"CHARLEY"
1599,2004-08-13,3,"EARL"
1600,2004-08-13,12,"DANIELLE"
1601,2004-08-25,17,"FRANCES"
1602,2004-08-27,5,"HERMINE"
1603,2004-08-27,8,"GASTON"
1604,2004-09-02,23,"IVAN"
1605,2004-09-07,4,"MISSING"
1606,2004-09-13,17,"JEANNE"
1607,2004-09-16,13,"KARL"
1608,2004-09-19,15,"LISA"
1609,2004-10-08,4,"MATTHEW"
1610,2004-10-10,2,"NICOLE"
1611,2004-11-26,10,"OTTO"
1612,2005-06-08,7,"ARLENE"
1613,2005-06-28,3,"BRET"
1614,2005-07-03,9,"CINDY"
1615,2005-07-04,15,"DENNIS"
1616,2005-07-11,11,"EMILY"
1617,2005-07-21,11,"FRANKLIN"
1618,2005-07-23,3,"GERT"
1619,2005-08-02,13,"HARVEY"
1620,2005-08-04,15,"IRENE"
1621,2005-08-13,6,"TEN"
1622,2005-08-22,2,"JOSE"
1623,2005-08-23,9,"KATRINA"
1624,2005-08-28,7,"LEE"
1625,2005-09-01,14,"MARIA"
1626,2005-09-06,18,"OPHELIA"
1627,2005-09-05,8,"NATE"
1628,2005-09-17,8,"PHILIPPE"
1629,2005-09-18,9,"RITA"
1630,2005-09-30,3,"NINETEEN"
1631,2005-10-01,5,"STAN"
1632,2005-10-04,2,"MISSING"
1633,2005-10-05,3,"TAMMY"
1634,2005-10-08,7,"TWENTY-TWO"
1635,2005-10-08,4,"VINCE"
1636,2005-10-15,12,"WILMA"
1637,2005-10-22,3,"ALPHA"
1638,2005-10-26,6,"BETA"
1639,2005-11-14,9,"GAMMA"
1640,2005-11-19,11,"DELTA"
1641,2005-11-29,11,"EPSILON"
1642,2005-12-30,9,"ZETA"
1643,2006-06-10,10,"ALBERTO"
1644,2006-07-16,4,"MISSING"
1645,2006-07-18,5,"BERYL"
1646,2006-08-01,6,"CHRIS"
1647,2006-08-21,8,"DEBBY"
1648,2006-08-24,12,"ERNESTO"
1649,2006-09-03,17,"FLORENCE"
1650,2006-09-10,15,"GORDON"
1651,2006-09-12,16,"HELENE"
1652,2006-09-27,7,"ISAAC"
1653,2007-05-06,9,"ANDREA"
1654,2007-05-31,6,"BARRY"
1655,2007-07-31,6,"CHANTAL"
1656,2007-08-13,11,"DEAN"
1657,2007-08-15,5,"ERIN"
1658,2007-08-31,7,"FELIX"
1659,2007-09-08,4,"GABRIELLE"
1660,2007-09-12,7,"INGRID"
1661,2007-09-12,3,"HUMBERTO"
1662,2007-09-21,2,"TEN"
1663,2007-09-23,2,"JERRY"
1664,2007-09-25,5,"KAREN"
1665,2007-09-25,4,"LORENZO"
1666,2007-09-28,8,"MELISSA"
1667,2007-10-03,6,"INVEST"
1668,2007-10-11,7,"FIFTEEN"
1669,2007-10-24,14,"NOEL"
1670,2007-12-10,7,"OLGA"
1671,2008-05-31,3,"ARTHUR"
1672,2008-07-03,19,"BERTHA"
1673,2008-07-19,5,"CRISTOBAL"
1674,2008-07-20,8,"DOLLY"
1675,2008-08-03,4,"EDOUARD"
1676,2008-08-15,14,"FAY"
1677,2008-08-25,12,"GUSTAV"
1678,2008-08-28,12,"HANNA"
1679,2008-09-01,15,"IKE"
1680,2008-09-02,9,"JOSEPHINE"
1681,2008-09-25,6,"KYLE"
1682,2008-09-26,9,"LAURA"
1683,2008-10-06,2,"MARCO"
1684,2008-10-12,4,"NANA"
1685,2008-10-13,9,"OMAR"
1686,2008-10-14,3,"SIXTEEN"
1687,2008-11-05,10,"PALOMA"
1688,2009-05-26,5,"ONE"
1689,2009-08-10,7,"ANA"
1690,2009-08-15,12,"BILL"
1691,2009-08-16,2,"CLAUDETTE"
1692,2009-08-26,4,"DANNY"
1693,2009-09-01,4,"ERIKA"
1694,2009-09-07,13,"FRED"
1695,2009-09-25,2,"EIGHT"
1696,2009-09-27,10,"GRACE"
1697,2009-10-06,6,"HENRI"
1698,2009-11-04,8,"IDA"
1699,2010-06-24,9,"ALEX"
1700,2010-07-07,4,"TWO"
1701,2010-07-22,4,"BONNIE"
1702,2010-08-02,7,"COLIN"
1703,2010-08-10,9,"FIVE"
1704,2010-08-21,14,"DANIELLE"
1705,2010-08-24,14,"EARL"
1706,2010-08-30,6,"FIONA"
1707,2010-09-01,8,"GASTON"
1708,2010-09-03,8,"ELEVEN"
1709,2010-09-08,16,"IGOR"
1710,2010-09-10,3,"TWELVE"
1711,2010-09-12,13,"JULIA"
1712,2010-09-13,6,"KARL"
1713,2010-09-20,10,"LISA"
1714,2010-09-23,4,"MATTHEW"
1715,2010-09-28,3,"NICOLE"
1716,2010-10-06,12,"OTTO"
1717,2010-10-11,5,"PAULA"
1718,2010-10-19,8,"RICHARD"
1719,2010-10-26,16,"INVEST"
1720,2010-10-28,3,"SHARY"
1721,2010-11-08,3,"INVEST"
1722,2011-06-28,4,"ARLENE"
1723,2011-07-16,8,"BRET"
1724,2011-07-20,4,"CINDY"
1725,2011-07-27,4,"DON"
1726,2011-08-02,6,"EMILY"
1727,2011-08-13,5,"GERT"
1728,2011-08-12,5,"FRANKLIN"
1729,2011-08-19,4,"HARVEY"
1730,2011-08-21,10,"IRENE"
1731,2011-08-25,3,"TEN"
1732,2011-08-26,4,"JOSE"
1733,2011-08-28,16,"KATIA"
1734,2011-08-31,4,"MISSING"
1735,2011-09-02,5,"LEE"
1736,2011-09-06,11,"MARIA"
1737,2011-09-06,7,"NATE"
1738,2011-09-20,15,"OPHELIA"
1739,2011-09-23,17,"PHILIPPE"
1740,2011-10-08,3,"INVEST"
1741,2011-10-22,8,"RINA"
1742,2011-11-06,7,"SEAN"
1743,2012-05-19,5,"ALBERTO"
1744,2012-05-25,9,"BERYL"
1745,2012-06-17,8,"CHRIS"
1746,2012-06-23,5,"DEBBY"
1747,2012-08-01,10,"ERNESTO"
1748,2012-08-03,6,"FLORENCE"
1749,2012-08-09,11,"HELENE"
1750,2012-08-15,7,"GORDON"
1751,2012-08-20,13,"ISAAC"
1752,2012-08-21,4,"JOYCE"
1753,2012-08-28,16,"LESLIE"
1754,2012-08-28,7,"KIRK"
1755,2012-09-02,11,"MICHAEL"
1756,2012-09-10,25,"NADINE"
1757,2012-10-02,4,"OSCAR"
1758,2012-10-10,4,"PATTY"
1759,2012-10-12,15,"RAFAEL"
1760,2012-10-21,11,"SANDY"
1761,2012-10-21,6,"TONY"
1762,2013-05-28,3,"BARBARA"
1763,2013-06-05,4,"ANDREA"
1764,2013-06-16,6,"BARRY"
1765,2013-07-07,4,"CHANTAL"
1766,2013-07-22,14,"DORIAN"
1767,2013-08-15,5,"ERIN"
1768,2013-08-25,2,"FERNAND"
1769,2013-09-04,10,"GABRIELLE"
1770,2013-09-06,2,"EIGHT"
1771,2013-09-08,12,"HUMBERTO"
1772,2013-09-12,6,"INGRID"
1773,2013-09-28,9,"JERRY"
1774,2013-10-03,4,"KAREN"
1775,2013-10-21,6,"LORENZO"
1776,2013-11-17,7,"MELISSA"
1777,2013-12-03,5,"INVEST"
